primary_key,title,review_text,date,rating,source,reviewer_name,sentiment_label,sentiment_compound,category_tags,full_text_clean,neg,neu,pos,compound
R1000000000,Disappointed,"Call quality is muffled, people can't hear me clearly on calls.",2025-04-05,2,BestBuy.ca,Priya S,Negative,-0.6551,"['Touch Controls / App (Neg)', 'Call Quality (Neg)']","Disappointed. Call quality is muffled, people can't hear me clearly on calls.",0.349,0.651,0.0,-0.6551
R1000000001,Poor touch controls,"Battery life is terrible, barely lasts 3 hours and the charging port feels loose.",2025-01-01,3,BestBuy.ca,Priya S,Negative,-0.8176,"['Battery Life (Neg)', 'Touch Controls / App (Neg)']","Poor touch controls. Battery life is terrible, barely lasts 3 hours and the charging port feels loose.",0.378,0.622,0.0,-0.8176
R1000000002,Great value,"Bluetooth pairing was instant, multipoint works great switching between my laptop and phone.",2025-09-07,4,BestBuy.ca,Anonymous,Positive,0.891,"['Touch Controls / App (Pos)', 'Price / Value (Pos)']","Great value. Bluetooth pairing was instant, multipoint works great switching between my laptop and phone.",0.0,0.531,0.469,0.891
R1000000003,Uncomfortable,"Touch controls are way too sensitive, I keep accidentally pausing my music.",2025-10-09,3,BestBuy.ca,Alex T,Negative,-0.6124,"['Comfort / Fit (Neg)', 'Touch Controls / App (Neg)']","Uncomfortable. Touch controls are way too sensitive, I keep accidentally pausing my music.",0.312,0.688,0.0,-0.6124
R1000000004,Not worth it,"Way overpriced for what you get, expected better sound quality at this cost.",2025-05-05,2,BestBuy.ca,Jordan L,Positive,0.3036,"['Sound Quality (Pos)', 'Price / Value (Pos)']","Not worth it. Way overpriced for what you get, expected better sound quality at this cost.",0.09,0.754,0.156,0.3036
R1000000005,Decent,"Sound is decent but nothing special. App connectivity works fine, pairing was easy.",2025-02-13,3,BestBuy.ca,Priya S,Positive,0.4876,['Touch Controls / App (Pos)'],"Decent. Sound is decent but nothing special. App connectivity works fine, pairing was easy.",0.145,0.552,0.303,0.4876
R1000000006,Best purchase ever,"Bluetooth pairing was instant, multipoint works great switching between my laptop and phone.",2025-01-24,5,BestBuy.ca,Jamie F,Positive,0.8519,['Touch Controls / App (Pos)'],"Best purchase ever. Bluetooth pairing was instant, multipoint works great switching between my laptop and phone.",0.0,0.628,0.372,0.8519
R1000000007,Super comfortable,"The noise cancelling on these is incredible, blocks out everything on my commute!!",2025-11-20,5,BestBuy.ca,Chris W,Positive,0.6995,"['Noise Cancelling (Pos)', 'Comfort / Fit (Pos)']","Super comfortable. The noise cancelling on these is incredible, blocks out everything on my commute!!",0.175,0.483,0.342,0.6995
R1000000008,Disappointed,"Battery life is terrible, barely lasts 3 hours and the charging port feels loose.",2025-05-03,2,BestBuy.ca,Jordan L,Negative,-0.8176,"['Battery Life (Neg)', 'Touch Controls / App (Neg)']","Disappointed. Battery life is terrible, barely lasts 3 hours and the charging port feels loose.",0.415,0.585,0.0,-0.8176
R1000000009,Average,Comfortable enough but the case feels a bit cheap. Battery life is about average.,2025-08-21,3,BestBuy.ca,Chris W,Positive,0.2846,"['Comfort / Fit (Pos)', 'Battery Life (Pos)', 'Build Quality (Pos)']",Average. Comfortable enough but the case feels a bit cheap. Battery life is about average.,0.0,0.867,0.133,0.2846
R1000000010,Best purchase ever,Sound quality is crisp and the bass is deep without being muddy. Battery lasts all week.,2025-12-22,5,BestBuy.ca,Anonymous,Positive,0.6369,"['Sound Quality (Pos)', 'Battery Life (Pos)']",Best purchase ever. Sound quality is crisp and the bass is deep without being muddy. Battery lasts all week.,0.0,0.811,0.189,0.6369
R1000000011,Works perfectly,Sound quality is crisp and the bass is deep without being muddy. Battery lasts all week.,2025-03-15,5,BestBuy.ca,Taylor B,Positive,0.6369,"['Sound Quality (Pos)', 'Battery Life (Pos)']",Works perfectly. Sound quality is crisp and the bass is deep without being muddy. Battery lasts all week.,0.0,0.802,0.198,0.6369
R1000000012,Works perfectly,"Worth every penny, the price is fair for this level of sound quality.",2025-11-11,5,BestBuy.ca,Alex T,Positive,0.8126,"['Sound Quality (Pos)', 'Price / Value (Pos)']","Works perfectly. Worth every penny, the price is fair for this level of sound quality.",0.0,0.588,0.412,0.8126
R1000000013,Love these!,"Super comfortable for long listening sessions, no ear fatigue at all even after hours.",2025-05-03,5,BestBuy.ca,Jordan L,Positive,0.9049,['Comfort / Fit (Pos)'],"Love these!. Super comfortable for long listening sessions, no ear fatigue at all even after hours.",0.083,0.413,0.504,0.9049
R1000000014,Decent,"Sound is decent but nothing special. App connectivity works fine, pairing was easy.",2025-11-16,3,BestBuy.ca,Taylor B,Positive,0.4876,['Touch Controls / App (Pos)'],"Decent. Sound is decent but nothing special. App connectivity works fine, pairing was easy.",0.145,0.552,0.303,0.4876
R1000000015,Average,"Sound is decent but nothing special. App connectivity works fine, pairing was easy.",2025-05-05,3,BestBuy.ca,Jordan L,Positive,0.4876,['Touch Controls / App (Pos)'],"Average. Sound is decent but nothing special. App connectivity works fine, pairing was easy.",0.145,0.552,0.303,0.4876
R1000000016,Poor touch controls,"Call quality is muffled, people can't hear me clearly on calls.",2025-10-13,3,BestBuy.ca,Chris W,Negative,-0.6551,"['Touch Controls / App (Neg)', 'Call Quality (Neg)']","Poor touch controls. Call quality is muffled, people can't hear me clearly on calls.",0.309,0.691,0.0,-0.6551
R1000000017,Amazing sound,"Bluetooth pairing was instant, multipoint works great switching between my laptop and phone.",2025-02-25,5,BestBuy.ca,Alex T,Positive,0.836,['Touch Controls / App (Pos)'],"Amazing sound. Bluetooth pairing was instant, multipoint works great switching between my laptop and phone.",0.0,0.622,0.378,0.836
R1000000018,Mixed feelings,"Sound is decent but nothing special. App connectivity works fine, pairing was easy.",2025-11-14,3,BestBuy.ca,Casey N,Positive,0.4876,['Touch Controls / App (Pos)'],"Mixed feelings. Sound is decent but nothing special. App connectivity works fine, pairing was easy.",0.138,0.573,0.289,0.4876
R1000000019,Super comfortable,"Bluetooth pairing was instant, multipoint works great switching between my laptop and phone.",2025-09-09,5,BestBuy.ca,Morgan D,Positive,0.9062,"['Comfort / Fit (Pos)', 'Touch Controls / App (Pos)']","Super comfortable. Bluetooth pairing was instant, multipoint works great switching between my laptop and phone.",0.0,0.515,0.485,0.9062
R1000000020,It's okay,"Sound is decent but nothing special. App connectivity works fine, pairing was easy.",2025-11-18,3,BestBuy.ca,Sam K,Positive,0.5593,['Touch Controls / App (Pos)'],"It's okay. Sound is decent but nothing special. App connectivity works fine, pairing was easy.",0.135,0.514,0.351,0.5593
R1000000021,Battery issues,"Battery life is terrible, barely lasts 3 hours and the charging port feels loose.",2025-07-06,2,BestBuy.ca,Jamie F,Negative,-0.6597,['Battery Life (Neg)'],"Battery issues. Battery life is terrible, barely lasts 3 hours and the charging port feels loose.",0.278,0.722,0.0,-0.6597
R1000000022,Works perfectly,"Worth every penny, the price is fair for this level of sound quality.",2025-09-25,5,BestBuy.ca,Mike R,Positive,0.8126,"['Sound Quality (Pos)', 'Price / Value (Pos)']","Works perfectly. Worth every penny, the price is fair for this level of sound quality.",0.0,0.588,0.412,0.8126
R1000000023,Love these!,"Worth every penny, the price is fair for this level of sound quality.",2025-11-17,5,BestBuy.ca,Casey N,Positive,0.8268,"['Sound Quality (Pos)', 'Price / Value (Pos)']","Love these!. Worth every penny, the price is fair for this level of sound quality.",0.0,0.58,0.42,0.8268
R1000000024,Best purchase ever,Sound quality is crisp and the bass is deep without being muddy. Battery lasts all week.,2025-10-11,4,BestBuy.ca,Jamie F,Positive,0.6369,"['Sound Quality (Pos)', 'Battery Life (Pos)']",Best purchase ever. Sound quality is crisp and the bass is deep without being muddy. Battery lasts all week.,0.0,0.811,0.189,0.6369
R1000000025,Best purchase ever,"Super comfortable for long listening sessions, no ear fatigue at all even after hours.",2025-01-08,5,BestBuy.ca,Casey N,Positive,0.8988,['Comfort / Fit (Pos)'],"Best purchase ever. Super comfortable for long listening sessions, no ear fatigue at all even after hours.",0.08,0.439,0.481,0.8988
R1000000026,It's okay,Comfortable enough but the case feels a bit cheap. Battery life is about average.,2025-02-25,3,BestBuy.ca,Morgan D,Positive,0.3818,"['Comfort / Fit (Pos)', 'Battery Life (Pos)', 'Build Quality (Pos)']",It's okay. Comfortable enough but the case feels a bit cheap. Battery life is about average.,0.0,0.795,0.205,0.3818
R1000000027,Not worth it,"Way overpriced for what you get, expected better sound quality at this cost.",2025-05-17,2,BestBuy.ca,Casey N,Positive,0.3036,"['Sound Quality (Pos)', 'Price / Value (Pos)']","Not worth it. Way overpriced for what you get, expected better sound quality at this cost.",0.09,0.754,0.156,0.3036
R1000000028,Amazing sound,"Bluetooth pairing was instant, multipoint works great switching between my laptop and phone.",2025-12-10,5,BestBuy.ca,Taylor B,Positive,0.836,['Touch Controls / App (Pos)'],"Amazing sound. Bluetooth pairing was instant, multipoint works great switching between my laptop and phone.",0.0,0.622,0.378,0.836
R1000000029,Decent,Comfortable enough but the case feels a bit cheap. Battery life is about average.,2025-09-15,3,BestBuy.ca,Priya S,Positive,0.2846,"['Comfort / Fit (Pos)', 'Battery Life (Pos)', 'Build Quality (Pos)']",Decent. Comfortable enough but the case feels a bit cheap. Battery life is about average.,0.0,0.867,0.133,0.2846
R1000000030,Love these!,"Super comfortable for long listening sessions, no ear fatigue at all even after hours.",2025-10-18,4,BestBuy.ca,Jordan L,Positive,0.9049,['Comfort / Fit (Pos)'],"Love these!. Super comfortable for long listening sessions, no ear fatigue at all even after hours.",0.083,0.413,0.504,0.9049
R1000000031,Disappointed,"Battery life is terrible, barely lasts 3 hours and the charging port feels loose.",2025-04-03,1,BestBuy.ca,Alex T,Negative,-0.8176,"['Battery Life (Neg)', 'Touch Controls / App (Neg)']","Disappointed. Battery life is terrible, barely lasts 3 hours and the charging port feels loose.",0.415,0.585,0.0,-0.8176
R1000000032,It's okay,"Sound is decent but nothing special. App connectivity works fine, pairing was easy.",2025-05-22,3,BestBuy.ca,Jamie F,Positive,0.5593,['Touch Controls / App (Pos)'],"It's okay. Sound is decent but nothing special. App connectivity works fine, pairing was easy.",0.135,0.514,0.351,0.5593
R1000000033,Amazing sound,"Worth every penny, the price is fair for this level of sound quality.",2025-04-26,5,BestBuy.ca,Jamie F,Positive,0.7906,"['Sound Quality (Pos)', 'Price / Value (Pos)']","Amazing sound. Worth every penny, the price is fair for this level of sound quality.",0.0,0.6,0.4,0.7906
R1000000034,Not worth it,"Battery life is terrible, barely lasts 3 hours and the charging port feels loose.",2025-11-14,1,BestBuy.ca,Chris W,Negative,-0.7241,"['Battery Life (Neg)', 'Price / Value (Neg)']","Not worth it. Battery life is terrible, barely lasts 3 hours and the charging port feels loose.",0.335,0.665,0.0,-0.7241
R1000000035,Super comfortable,"Worth every penny, the price is fair for this level of sound quality.",2025-11-21,4,BestBuy.ca,Anonymous,Positive,0.886,"['Sound Quality (Pos)', 'Comfort / Fit (Pos)', 'Price / Value (Pos)']","Super comfortable. Worth every penny, the price is fair for this level of sound quality.",0.0,0.491,0.509,0.886
R1000000036,Super comfortable,"Worth every penny, the price is fair for this level of sound quality.",2025-02-08,5,BestBuy.ca,Jordan L,Positive,0.886,"['Sound Quality (Pos)', 'Comfort / Fit (Pos)', 'Price / Value (Pos)']","Super comfortable. Worth every penny, the price is fair for this level of sound quality.",0.0,0.491,0.509,0.886
R1000000037,Super comfortable,Sound quality is crisp and the bass is deep without being muddy. Battery lasts all week.,2025-03-09,5,BestBuy.ca,Jamie F,Positive,0.802,"['Sound Quality (Pos)', 'Comfort / Fit (Pos)', 'Battery Life (Pos)']",Super comfortable. Sound quality is crisp and the bass is deep without being muddy. Battery lasts all week.,0.0,0.69,0.31,0.802
R1000000038,Love these!,"Build quality feels premium, the case is sturdy. Touch controls are responsive and easy to use.",2025-01-21,4,BestBuy.ca,Morgan D,Positive,0.8718,"['Build Quality (Pos)', 'Touch Controls / App (Pos)']","Love these!. Build quality feels premium, the case is sturdy. Touch controls are responsive and easy to use.",0.0,0.603,0.397,0.8718
R1000000039,Disappointed,"Touch controls are way too sensitive, I keep accidentally pausing my music.",2025-07-16,2,BestBuy.ca,Jamie F,Negative,-0.6705,['Touch Controls / App (Neg)'],"Disappointed. Touch controls are way too sensitive, I keep accidentally pausing my music.",0.333,0.667,0.0,-0.6705
R1000000040,Super comfortable,"The noise cancelling on these is incredible, blocks out everything on my commute!!",2025-07-01,5,BestBuy.ca,Taylor B,Positive,0.6995,"['Noise Cancelling (Pos)', 'Comfort / Fit (Pos)']","Super comfortable. The noise cancelling on these is incredible, blocks out everything on my commute!!",0.175,0.483,0.342,0.6995
R1000000041,Super comfortable,"Super comfortable for long listening sessions, no ear fatigue at all even after hours.",2025-12-24,5,BestBuy.ca,Morgan D,Positive,0.9318,['Comfort / Fit (Pos)'],"Super comfortable. Super comfortable for long listening sessions, no ear fatigue at all even after hours.",0.078,0.353,0.57,0.9318
R1000000042,Uncomfortable,"Touch controls are way too sensitive, I keep accidentally pausing my music.",2025-05-07,2,BestBuy.ca,Alex T,Negative,-0.6124,"['Comfort / Fit (Neg)', 'Touch Controls / App (Neg)']","Uncomfortable. Touch controls are way too sensitive, I keep accidentally pausing my music.",0.312,0.688,0.0,-0.6124
R1000000043,Poor touch controls,"Battery life is terrible, barely lasts 3 hours and the charging port feels loose.",2025-01-02,2,BestBuy.ca,Casey N,Negative,-0.8176,"['Battery Life (Neg)', 'Touch Controls / App (Neg)']","Poor touch controls. Battery life is terrible, barely lasts 3 hours and the charging port feels loose.",0.378,0.622,0.0,-0.8176
R1000000044,Great value,Sound quality is crisp and the bass is deep without being muddy. Battery lasts all week.,2025-09-03,4,BestBuy.ca,Mike R,Positive,0.7579,"['Sound Quality (Pos)', 'Battery Life (Pos)', 'Price / Value (Pos)']",Great value. Sound quality is crisp and the bass is deep without being muddy. Battery lasts all week.,0.0,0.711,0.289,0.7579
R1000000045,Love these!,"Worth every penny, the price is fair for this level of sound quality.",2025-07-04,5,BestBuy.ca,Casey N,Positive,0.8268,"['Sound Quality (Pos)', 'Price / Value (Pos)']","Love these!. Worth every penny, the price is fair for this level of sound quality.",0.0,0.58,0.42,0.8268
R1000000046,Great value,"The noise cancelling on these is incredible, blocks out everything on my commute!!",2025-07-22,4,BestBuy.ca,Casey N,Positive,0.6238,"['Noise Cancelling (Pos)', 'Price / Value (Pos)']","Great value. The noise cancelling on these is incredible, blocks out everything on my commute!!",0.181,0.498,0.321,0.6238
R1000000047,Battery issues,"Call quality is muffled, people can't hear me clearly on calls.",2025-11-23,2,BestBuy.ca,Chris W,Negative,-0.3089,"['Battery Life (Neg)', 'Call Quality (Neg)']","Battery issues. Call quality is muffled, people can't hear me clearly on calls.",0.158,0.842,0.0,-0.3089
R1000000048,Super comfortable,Sound quality is crisp and the bass is deep without being muddy. Battery lasts all week.,2025-08-11,5,BestBuy.ca,Priya S,Positive,0.802,"['Sound Quality (Pos)', 'Comfort / Fit (Pos)', 'Battery Life (Pos)']",Super comfortable. Sound quality is crisp and the bass is deep without being muddy. Battery lasts all week.,0.0,0.69,0.31,0.802
R1000000049,Great value,"Bluetooth pairing was instant, multipoint works great switching between my laptop and phone.",2025-02-18,4,BestBuy.ca,Jordan L,Positive,0.891,"['Touch Controls / App (Pos)', 'Price / Value (Pos)']","Great value. Bluetooth pairing was instant, multipoint works great switching between my laptop and phone.",0.0,0.531,0.469,0.891
R1000000050,Amazing sound,"Super comfortable for long listening sessions, no ear fatigue at all even after hours.",2025-04-12,4,BestBuy.ca,Sam K,Positive,0.8895,['Comfort / Fit (Pos)'],"Amazing sound. Super comfortable for long listening sessions, no ear fatigue at all even after hours.",0.085,0.424,0.491,0.8895
R1000000051,Great value,"Worth every penny, the price is fair for this level of sound quality.",2025-10-26,5,BestBuy.ca,Anonymous,Positive,0.8658,"['Sound Quality (Pos)', 'Price / Value (Pos)']","Great value. Worth every penny, the price is fair for this level of sound quality.",0.0,0.507,0.493,0.8658
R1000000052,Works perfectly,"Bluetooth pairing was instant, multipoint works great switching between my laptop and phone.",2025-11-04,5,BestBuy.ca,Mike R,Positive,0.8519,['Touch Controls / App (Pos)'],"Works perfectly. Bluetooth pairing was instant, multipoint works great switching between my laptop and phone.",0.0,0.61,0.39,0.8519
R1000000053,Love these!,"Worth every penny, the price is fair for this level of sound quality.",2025-05-10,5,BestBuy.ca,Casey N,Positive,0.8268,"['Sound Quality (Pos)', 'Price / Value (Pos)']","Love these!. Worth every penny, the price is fair for this level of sound quality.",0.0,0.58,0.42,0.8268
R1000000054,Best purchase ever,Sound quality is crisp and the bass is deep without being muddy. Battery lasts all week.,2025-09-16,5,BestBuy.ca,Sam K,Positive,0.6369,"['Sound Quality (Pos)', 'Battery Life (Pos)']",Best purchase ever. Sound quality is crisp and the bass is deep without being muddy. Battery lasts all week.,0.0,0.811,0.189,0.6369
R1000000055,It's okay,"Sound is decent but nothing special. App connectivity works fine, pairing was easy.",2025-11-14,3,BestBuy.ca,Sam K,Positive,0.5593,['Touch Controls / App (Pos)'],"It's okay. Sound is decent but nothing special. App connectivity works fine, pairing was easy.",0.135,0.514,0.351,0.5593
R1000000056,Best purchase ever,Sound quality is crisp and the bass is deep without being muddy. Battery lasts all week.,2025-03-24,5,BestBuy.ca,Jamie F,Positive,0.6369,"['Sound Quality (Pos)', 'Battery Life (Pos)']",Best purchase ever. Sound quality is crisp and the bass is deep without being muddy. Battery lasts all week.,0.0,0.811,0.189,0.6369
R1000000057,Uncomfortable,"Clamping force gives me a headache after an hour, not comfortable at all.",2025-02-03,1,BestBuy.ca,Mike R,Negative,-0.6488,['Comfort / Fit (Neg)'],"Uncomfortable. Clamping force gives me a headache after an hour, not comfortable at all.",0.306,0.694,0.0,-0.6488
R1000000058,Best purchase ever,"Bluetooth pairing was instant, multipoint works great switching between my laptop and phone.",2025-07-05,5,BestBuy.ca,Alex T,Positive,0.8519,['Touch Controls / App (Pos)'],"Best purchase ever. Bluetooth pairing was instant, multipoint works great switching between my laptop and phone.",0.0,0.628,0.372,0.8519
R1000000059,Love these!,"Super comfortable for long listening sessions, no ear fatigue at all even after hours.",2025-11-08,5,BestBuy.ca,Anonymous,Positive,0.9049,['Comfort / Fit (Pos)'],"Love these!. Super comfortable for long listening sessions, no ear fatigue at all even after hours.",0.083,0.413,0.504,0.9049
